{
  "project_info": {
    "project_number": "622721943892",
    "project_id": "insta-clone-ddcce",
    "storage_bucket": "insta-clone-ddcce.appspot.com"
  },
  "client": [
    {
      "client_info": {
        "mobilesdk_app_id": "1:622721943892:android:827f318b102956dd6860c1",
        "android_client_info": {
          "package_name": "com.example.insta_flutter"
        }
      },
      "oauth_client": [
        {
          "client_id": "622721943892-u2ueqgmu6b9sdgok1llq0ki0aee12pca.apps.googleusercontent.com",
          "client_type": 3
        }
      ],
      "api_key": [
        {
          "current_key": "AIzaSyDAOFepwLlMJhuoccbdOPsiJNNRXEpVh4A"
        }
      ],
      "services": {
        "appinvite_service": {
          "other_platform_oauth_client": [
            {
              "client_id": "622721943892-u2ueqgmu6b9sdgok1llq0ki0aee12pca.apps.googleusercontent.com",
              "client_type": 3
            }
          ]
        }
      }
    }
  ],
  "configuration_version": "1"
}